{"cameraMode":{"drawMode":0,"name":"Shaded","section":"Shading Mode"},"sceneLighting":true,"audioPlay":false,"sceneViewState":{"showFog":true,"showMaterialUpdate":false,"showSkybox":true,"showFlares":true,"showImageEffects":true,"showParticleSystems":true},"in2DMode":false,"pivot":{"x":0.029449462890625,"y":0.9095001220703125,"z":0.5322265625},"rotation":{"x":-0.0016022691270336509,"y":0.9905956983566284,"z":-0.13637472689151765,"w":-0.011589089408516884},"size":1.254163146018982,"orthographic":true}