{"cameraMode":{"drawMode":0,"name":"Shaded","section":"Shading Mode"},"sceneLighting":true,"audioPlay":false,"sceneViewState":{"showFog":true,"showMaterialUpdate":false,"showSkybox":true,"showFlares":true,"showImageEffects":true,"showParticleSystems":true},"in2DMode":false,"pivot":{"x":-0.040717244148254397,"y":1.2367390394210816,"z":-0.03173345327377319},"rotation":{"x":-0.24817101657390595,"y":0.5611135363578796,"z":-0.18116457760334016,"w":-0.7686135768890381},"size":14.211458206176758,"orthographic":true}